Institution,STATE,Type,Med,LG,Mean_PCI,Latest_PCI,Latest_Year,N,Tone,Clarity,Legal
University of Illinois At Chicago,IL,Public R1,Y,N,0.325843256227176,0.3400792960109947,2023,5,-0.24419895966360033,-0.0674170792003915,-0.6391175208778638
Creighton University,NE,Private R2,Y,N,0.33704140562878815,0.3148984836476415,2019,2,-0.5628975647135287,0.04706190885091871,-0.34477884961316735
University of Tulsa,OK,Private R2,N,N,0.3446730433648707,0.3585797793375,2017,2,-0.5641187046094328,-0.9456022982380943,0.2933172835112591
University of Kansas,KS,Public R1,Y,Y,0.3547293154550048,0.3331191158568182,2001,2,-0.3299264010681932,-0.14552353454834305,-0.09803861716258559
University of Notre Dame,IN,Private R1,N,N,0.36132606165063685,0.3703668839559859,2021,3,-0.22824531202423085,-0.23761467247776533,-0.5536908514234159
Brigham Young University,UT,Private R1,N,N,0.36197198465314173,0.3468896605885416,2019,2,0.2718052401738031,0.1679645062874917,-0.2688118586498318
Iowa State University,IA,Public R1,N,Y,0.36258436421875,0.3474102995,2000,2,0.03164791329309945,-0.2785181947484509,0.6200397759479659
University of Texas at Austin,TX,Public R1,Y,N,0.36334474987570314,0.4056552733141892,2021,8,-0.08629489095944688,-0.6568885059302955,-0.4191176859616095
West Virginia University,WV,Public R1,Y,Y,0.3640445506636327,0.2641640066488095,2019,4,-0.32501802599634777,0.7485435615920069,0.18562701868380593
Florida State University,FL,Public R1,Y,N,0.3669825462805755,0.3669825462805755,1991,1,-0.2536649347222655,0.184848565955947,-0.2377323591783038
Albert Einstein/Yeshiva,NY,Private R2,Y,N,0.36825351628913666,0.379363254882716,2018,3,-0.5026877300738525,0.0882441291039484,0.8855914834195473
North Dakota State University,ND,Public R1,N,Y,0.36981056357990266,0.3475770853,2017,3,-0.12338969763562069,0.21959729589418486,0.023123239415243597
Kent State University,OH,Public R1,Y,N,0.3701059643799663,0.3862940700944444,2016,3,-0.3963348989552549,-0.19373821399265345,0.07287177700830456
University of Illinois Urbana Champaign,IL,Public R1,Y,Y,0.3718372641153619,0.3333093043898148,2023,2,0.023430749513122448,-0.23903553129038413,-0.8454943022852697
Brandeis University,MA,Private R1,N,N,0.3734281721339599,0.3283824539089147,2020,3,-0.019386777389082205,0.19897198814433,0.16847339103099265
Kansas State University,KS,Public R1,N,Y,0.3734736578915663,0.3734736578915663,2002,1,0.2359201769986328,0.4524597930251253,-0.7057685174971609
Washington State University,WA,Public R1,Y,Y,0.37347919850573924,0.4082967147891003,2023,3,0.017425494832293997,0.5141349881833154,-0.29103110160842594
University of Alabama in Huntsville (UAH),AL,Public R2,N,N,0.3735803258720095,0.3687189112894737,2018,2,-0.44602673094352097,-0.5881137980602492,1.42327574271597
University of Maryland College Park,MD,Public R1,Y,Y,0.3744481563356481,0.3744481563356481,2018,1,-0.4957002453308692,-0.0745061479591052,-0.8560711789096203
University of North Dakota,ND,Public R1,Y,N,0.37639266912294445,0.3231680172282609,2013,3,-0.18656822731691025,0.04232697597113233,0.6484967771505905
University of Arizona,AZ,Public R1,Y,Y,0.37673366041157064,0.3203766225769021,2018,10,-0.016128101268730384,-0.5600262611830364,-0.18202349584122163
University of Washington,WA,Public R1,Y,N,0.37682492506451765,0.3454321187907079,2025,3,-0.12510960859707626,0.05735881811024649,-0.22655278545446134
Louisiana State University,LA,Public R1,Y,Y,0.378565600397591,0.3663970314863013,2024,8,-0.8399913630738314,-0.8465674226884321,-0.08579283725610724
Medical College of Ohio,OH,Public R2,Y,N,0.37887453585720426,0.3319578389916666,2024,5,0.22035023050371808,-0.6246049870780007,1.3173831431385743
University of Rhode Island,RI,Public R1,N,Y,0.3794490349243951,0.3765426729442307,2021,3,-0.4599749585941955,0.36997414095922015,-0.3948811860414416
Utah State University,UT,Public R2,N,Y,0.383782218952726,0.4271218243224637,2016,3,-0.03061954850643683,0.35783725731216015,0.5729563703606267
University of Minnesota,MN,Public R1,Y,Y,0.38694406092469996,0.4083264411893204,2022,3,-0.24629023841373898,-0.8136557012633364,-0.7118397133469928
Ohio University,OH,Public R1,Y,N,0.3872931926714286,0.3872931926714286,1995,1,-0.3920443130216524,0.6099166017470519,0.0064138414646669
Baylor College of Medicine,TX,Private R1,Y,N,0.3873179693556167,0.3060135322612334,2001,2,0.1124144411802771,0.3219625206742267,0.2782366525723224
University of Akron,OH,Public R2,Y,N,0.38837547269967465,0.415608512281884,2015,3,0.016753742766576634,-0.21876173149905154,-0.7652799800223958
University of Maryland Baltimore,MD,Public R1,Y,N,0.3895609590845154,0.3957172360705128,2019,5,-0.24801683175726455,0.4644794357176053,-0.4181270466436122
University of Connecticut,CT,Public R1,Y,Y,0.3906272328893939,0.3906272328893939,2015,1,0.5583929167819589,0.0502470904105216,-0.2834997893491356
University of Colorado,CO,Public R1,Y,N,0.3907484221937125,0.3907484221937125,2011,1,0.1544671723371663,0.1456018977666312,-0.8669714323239444
University of Massachusetts Amherst,MA,Public R1,Y,Y,0.3920671682182282,0.3911196566201299,2004,2,-0.29354485649083123,0.01848937176866665,-0.2482967876953267
University of Massachusetts Medical Center,MA,Public R2,Y,N,0.3924326257071973,0.3924257088646496,2004,2,-0.2905390205322611,0.04210776194363581,-0.2456407043614427
Montana State University,MT,Public R1,N,Y,0.3941964798088657,0.4088312334662162,2017,2,-0.0113896567679478,-0.21464595559513275,-0.08169564899620774
University of Maryland Baltimore County,MD,Public R1,Y,N,0.3949405870960756,0.3806416908869565,2022,2,-0.3925289783103787,0.3585111389295272,-0.7402474579544072
East Carolina University,NC,Public R1,Y,N,0.39546132531440437,0.4044898749625,2021,3,0.06947533454421652,-0.08011781813833084,1.0492292995259271
University of Vermont,MA,Public R1,Y,Y,0.3979000708749999,0.3979000708749999,2013,1,-0.2325220501602931,-0.4097673063618166,0.1094769075727417
University of Houston,TX,Public R1,Y,N,0.39926724512904477,0.372070050270045,2023,5,-0.3622076510809947,0.18447728260255275,-0.6723510952087262
University of Louisville,KY,Public R1,Y,N,0.399737687020719,0.4076041036191406,2005,2,-0.40364152836360234,0.2222498728383627,-0.3271598430138904
University of Idaho,ID,Public R1,Y,Y,0.4002467139779963,0.3923209794870689,2022,3,-0.34426809289037985,0.14571683579909325,-0.2947600088875359
Miami University,OH,Public R2,Y,N,0.40042096315258047,0.3972497318203125,2022,2,-0.05597872913649195,-0.42916054279284455,-0.2806132412844161
University of Miami,FL,Private R1,Y,N,0.401614503673645,0.3968046103850575,2016,2,-0.15676259627691141,0.4410415341451265,-0.941513385871472
University of Oklahoma,OK,Public R1,Y,N,0.40258000757269724,0.4071027908083333,2017,3,-0.40734528315478896,-0.23309122447996522,0.055615834228560396
Wayne State University,MI,Public R1,Y,N,0.4035341782106917,0.4035341782106917,1998,1,0.1034074370622788,0.5106410962611111,0.3613324913890479
Rutgers the State University of NJ,NJ,Public R1,Y,Y,0.40385131885211567,0.4188441860776699,2021,5,0.2254003714864652,0.1443992538583294,-0.3369510445416794
California Institute of Technology,CA,Private R1,Y,N,0.40463811839474495,0.4689234790096618,2023,10,0.17918768671910448,-0.2092269082612883,0.28803557665994195
Virginia Commonwealth University,VA,Public R1,Y,N,0.40487597134283876,0.4035909991249999,2021,3,-0.07780780327687888,0.0011952927697188493,-0.5789219187318028
Illinois State University,IL,Public R2,N,N,0.4058256172809824,0.4759612672275281,2024,4,0.03534743723382612,-0.028054479282576233,-0.2640873606335554
Purdue University,IN,Public R1,Y,Y,0.40790106268838894,0.4127294278652174,2025,8,0.436628864725166,0.0017487960790715795,-0.378430023077412
University of Hawaii,HI,Public R1,Y,Y,0.4094777924740816,0.3819389523513513,2020,3,-0.1978697607370872,-0.8398124202936074,0.29127165683733414
University of North Texas,TX,Public R1,Y,N,0.4101392382868103,0.3959899721238937,2018,4,-0.2614922771835284,0.209861691672888,0.2100655064561977
University of Utah,UT,Public R1,Y,N,0.410701093927093,0.40620785886,2013,2,0.2523474876494029,-0.19145701985815194,-0.15517167137040822
Colorado State University,CO,Public R1,N,Y,0.4116877744830526,0.4983312955396825,2007,2,0.1086334046507294,0.1016396828364086,0.2605341738297869
University of Florida,FL,Public R1,Y,Y,0.4119031786688271,0.4119031786688271,2013,1,0.2069929189721072,0.3096700266983676,0.1785513986304719
University of Maine,ME,Public R1,Y,Y,0.4135805346598077,0.4135805346598077,2002,1,0.3078795377656309,-0.1244675849158398,-0.0604984435410201
Oklahoma State University,OK,Public R1,Y,Y,0.4144896570106473,0.3861358598193717,2019,2,-0.409677000916223,-0.7779456625021135,0.23999714280563925
University of Michigan,MI,Public R1,Y,N,0.41612209084422347,0.4181502163440593,2021,2,0.11014741728763675,-0.12022478055614079,-0.3663919732511499
Arizona State University,AZ,Public R1,Y,N,0.41629990293460145,0.3717454720590909,2025,5,0.6625515826901393,0.21262426361369285,-0.47573788235205416
University of Denver,CO,Private R1,N,N,0.41876889039745635,0.4096254244845679,2023,2,-0.13438273732577724,-0.2809693926604008,0.1526687710450785
Indiana University,IN,Public R1,Y,N,0.41896716781888976,0.3655046394655172,2024,5,-0.20596900987341676,0.18486435836728735,-0.7363280580486944
Wake Forest University,NC,Private R2,Y,N,0.4190337344118342,0.4493533278114406,2025,5,0.1731993689920257,0.2161190599469625,-0.24166038011360946
George Mason University,VA,Public R1,N,N,0.4195337682192982,0.4195337682192982,2008,1,0.4719168481382376,-0.0539562183985877,0.2759391277366525
University of Kentucky,KY,Public R1,Y,Y,0.4196502800738799,0.4159931299503546,2005,3,0.35123604482573256,0.014568318826052066,-0.9451178190972248
Florida Atlantic University,FL,Public R1,Y,N,0.4197119798525587,0.3875904372003058,2020,5,0.07434860424019925,0.2426810887133973,-0.10209093034776284
Northern Illinois University,IL,Public R2,N,N,0.4198094808728522,0.4073536171623711,2007,2,0.20627269901287898,0.12388158002364424,-0.25052833168764205
Texas A&M University System,TX,Public R2,Y,Y,0.42048038300069873,0.2789168565835821,2025,9,0.27217939852039874,-0.4366512777869738,-0.053804122573707175
Northeastern University,MA,Private R1,N,N,0.42160624512110034,0.4243776173770492,2023,2,0.021318700679892014,-0.5099574679668398,1.5124153916613388
New York University,NY,Private R1,Y,N,0.42428988085563263,0.4326717202172181,2021,3,0.05698837830582874,-0.7824255227250577,0.296953017966906
University of Texas Medical Branch (Galveston),TX,Public R2,Y,N,0.4243532702574547,0.3447531488265766,2019,9,-0.02993517188053685,0.1731216831822102,0.08703804203887701
University of Texas Southwestern Med. Ctr_,TX,Public R1,Y,N,0.4243567414149941,0.355912584829646,2025,9,0.11647982095657793,0.16406890018061046,0.1631949642293866
University of Arkansas,AR,Public R1,Y,Y,0.4245051997202513,0.4521867878947368,2016,7,-0.09556698036024945,-1.0445734081351028,1.005623540491506
Clemson University,SC,Public R1,N,Y,0.42462698798866183,0.4103958768586956,2025,4,-0.025880048876916174,-0.14169140136849684,-0.007444152709958449
Tufts University,MA,Private R1,Y,N,0.4255549244861111,0.4255549244861111,2005,1,0.3065606967964709,-0.5510696865380745,-0.5873583626800549
Yale University,CT,Private R1,Y,N,0.4259881358551191,0.4052685871066667,2023,2,-0.0757421797158641,0.0185759448733779,0.29782786507973097
University of South Florida,FL,Public R1,Y,N,0.4278146069985318,0.4382648856195121,2025,4,0.35633182103289013,-0.3109901334215245,0.20544932812872668
Penn State University,PA,Public R1,Y,Y,0.42853828221978213,0.4567737361833333,2013,3,0.29117762200813985,0.7970884680587275,-1.2090122385645101
University of Missouri System,MO,Public R2,Y,Y,0.42859442967293787,0.4649700987774869,2025,5,-0.3766974381950686,0.019423905773981832,1.1861408570915917
St. Louis University,MO,Private R1,Y,N,0.4326700593148753,0.4248620465397436,2024,4,-0.35618021857268606,0.09684340779778222,-0.1607544692881021
Medical University of South Carolina,SC,Public R1,Y,N,0.43279129412054074,0.4060245336666666,2016,3,-0.5571821014584603,-0.3154176627086385,0.5310792091524544
University of Texas Houston Hlth. Sci. Ctr_,TX,Public R1,Y,N,0.4341722512188748,0.3847149776807229,2021,8,0.009833533265959697,0.17811872995239358,0.06397134306568897
Ohio State University,OH,Public R1,Y,Y,0.43428919839629615,0.4349369304924699,2024,3,-0.09634802025381285,-0.30758851553230565,0.3557173761035893
University of Cincinnati,OH,Public R1,Y,N,0.4343953080630102,0.439976056075,2019,2,-0.29025756279540416,-0.5079943013294317,0.1197952647605667
Tulane University,LA,Private R1,Y,N,0.4348960968426562,0.4118995431550926,2001,2,-0.20782793523482745,-0.4151970705090888,-0.65655096565853
Boston University,MA,Private R1,Y,N,0.4349259864538194,0.46249927231875,2017,2,-0.48949420517450704,-0.2476484447979612,0.33054393466216925
University of Pittsburgh,PA,Public R1,Y,N,0.4356526423105423,0.4707812780403226,2021,3,0.013993509980141464,-0.3764790885855525,0.7684227777580571
Thomas Jefferson University,PA,Private R2,Y,N,0.43599397805587986,0.4627765441985981,2006,3,0.024991420252980123,0.24291767111047113,0.6930966402811588
University of North Carolina Chapel Hill,NC,Public R1,Y,N,0.4367828099153226,0.4367828099153226,2013,1,-0.0458027984106858,0.049390247215486,0.8659729561692386
New Jersey Institute of Technology,NJ,Public R1,Y,N,0.43697638385619025,0.3556487859146341,2025,4,-0.10437499149479544,-0.2146412451243922,0.1805338934793029
Southern Illinois University,IL,Public R1,Y,N,0.4371160488642516,0.4019014135784657,2022,6,-0.38623806336948857,0.29015292167940165,-0.22660754359351945
Illinois Institute of Technology,IL,Private R2,N,N,0.4374692410225441,0.4205172021674107,2021,3,-0.12452349513175864,0.41396390611475614,0.0638347879566206
University of New Mexico,NM,Public R1,Y,Y,0.4398642698453181,0.4463197811774809,2022,3,-0.0100754395170595,0.9874856111670322,-0.19929069325701923
University of Texas Hlth Sci Ctr San Antonio,TX,Public R1,Y,N,0.4410525537813766,0.3956649676993243,2021,8,0.03232694666272178,0.21959129829030935,0.048508878386047304
Lehigh University,PA,Private R1,Y,N,0.44354331031885597,0.443872712131356,2002,2,0.26081483396981325,0.081619387619335,-0.8353424880330196
University of Dayton,OH,Private R1,N,N,0.44425612425106326,0.4224945513873239,2015,2,0.5196620340407141,-0.13288428737282962,-0.2050691205336912
University of California System,CA,Public R2,Y,Y,0.4451301779423047,0.344934536172,2024,4,0.39231070642848814,-0.23689121190588,0.4890827165201779
University of Nebraska,NE,Public R1,Y,Y,0.4459253641380323,0.3909517890751865,2025,4,-0.7562029599654451,-0.0045419560485172004,-0.4957009306653476
Dartmouth College,NH,Private R1,Y,N,0.4473455450922747,0.4468331344017857,2019,4,-0.43396536779027023,0.054007397266485874,0.25258408385365705
New Mexico State University,NM,Public R1,Y,Y,0.448060484339599,0.4720378683264248,2024,4,-0.06458573937100014,0.5802818564294284,-0.7122380850783955
University of New Orleans,LA,Public R2,N,N,0.4484156343394043,0.4151351555465686,2023,3,0.16783137547226212,-0.4583371495430413,-0.7296793442061466
New York Medical College,NY,Private R2,Y,N,0.4498189611,0.4498189611,1998,1,0.2680025691145181,-0.2106201768340171,0.1566382683286897
Oregon State University,OR,Public R1,N,Y,0.45071446896961787,0.3645527000888429,2023,3,0.23052478779183053,-0.10596723821587645,-0.22183345440900104
Rice University,TX,Private R1,N,N,0.4549653683933727,0.4214338329563106,2023,2,-0.008374025275055048,-0.26094272418578357,-0.32749440868061275
University of Tennessee,TN,Public R1,Y,Y,0.4551520907253787,0.4551520907253787,2003,1,0.2206473404409578,-0.571841975333098,-0.0573550419381783
University of Iowa,IA,Public R1,Y,N,0.4557057662723859,0.4589957975125,2023,9,0.1413581222421184,-0.011937279831141933,-0.140130933453656
Carnegie Mellon University,PA,Private R1,Y,N,0.4557283832928571,0.4557283832928571,1985,1,-0.1090429263462124,-1.3673101589801686,-0.964145019450657
Mississippi State University,MS,Public R1,N,Y,0.4558377359136183,0.4645543353530303,2003,3,0.09909199577142606,0.47779511179228545,-0.18636526497823214
Michigan State University,MI,Public R1,Y,Y,0.4564413495213782,0.4088527030032258,2017,3,0.5940426227822319,0.6370409719269226,-0.08017345061111648
Drexel University,PA,Private R1,Y,N,0.45857578129208276,0.4542192568097345,2018,3,-0.24487941192134866,-0.21579968104904326,0.4653249693996158
University of Alabama in Birmingham (UAB),AL,Public R1,Y,N,0.45878457915470644,0.4198782296810345,2013,2,0.1155335961899103,-0.3877115736520456,2.36857265007082
SUNY,NY,Public R2,Y,N,0.45916655804403206,0.4377934329151785,2021,4,-0.02523970487929231,-0.28747967822720477,1.2400508065730493
Ball State University,IN,Public R2,N,N,0.4598771427536143,0.4275263259751773,2013,2,0.1546549258713814,0.7591991632977124,-0.20736156059510943
University of Georgia,GA,Public R1,Y,Y,0.46207214703918653,0.3943229635625,1995,2,0.264324133946869,0.10762239123708305,0.1695248693503168
Auburn University,AL,Public R1,Y,Y,0.4624635068932927,0.4624635068932927,2012,1,-0.0452987886963898,0.1824894671357265,0.5345960665447146
University of Pennsylvania,PA,Private R1,Y,N,0.46253894444481297,0.4700406066603448,2023,4,-0.25492554255593075,0.8590735456711949,0.05332843247493754
Stevens Institute of Technology,NJ,Private R2,Y,N,0.46364588429478915,0.4335232556353912,2025,4,-0.00019802754752987553,0.19944870243022347,-0.264082845622141
Temple University,PA,Public R1,Y,N,0.46441533975379207,0.4637161235849056,2022,3,-0.8892823500231234,-0.39157623165394195,0.9271777009593022
Virginia Tech,VA,Public R1,Y,Y,0.4656833406204807,0.4725188113866279,2021,5,-0.04243455533524515,0.0882031183180015,-0.6255828339240735
Georgia Institute of Technology,GA,Public R1,N,N,0.46783660809261746,0.4050408395347222,2014,4,-0.3455343527236561,0.2157849401496453,-0.3286799738611306
North Carolina State University,NC,Public R1,N,Y,0.470752544526986,0.4526814216058823,2011,4,0.20350995765788266,0.17078699930334973,0.3774209827308378
Emory University,GA,Private R1,Y,N,0.47300811737351944,0.4573827163496093,2015,4,-0.3663838454149445,0.12670201259965297,0.009638346654417693
Syracuse University,NY,Private R1,N,N,0.4743414613846253,0.4714755682111111,2024,2,-0.037347453562090294,-0.1491822423345763,-0.32892609191815664
University of New Hampshire,NH,Public R1,N,Y,0.4749908974410569,0.4602607316321138,2014,2,0.17404849079068516,0.1686200157602206,0.5054232105675771
University of South Alabama,AL,Public R2,Y,N,0.47649887210708336,0.5031800689149485,2022,4,-0.024666278172101822,-0.5048478649222997,0.45539707386061234
Loyola University Medical Center,IL,Private R1,Y,N,0.4766250096833044,0.4522845655703125,2009,2,0.36184266144283417,0.04418341530391899,0.1318127417483302
Washington University in St. Louis,MO,Private R1,Y,N,0.47688505522739494,0.4766234729020376,2023,2,0.3443258980222472,0.6899178391418865,-0.4492699317688179
University of Oregon,OR,Public R1,N,N,0.4784900776785714,0.4784900776785714,2015,1,-0.2817859399581528,-0.6014838538651753,-0.0360239444169201
Stanford University,CA,Private R1,Y,N,0.47867607370809173,0.48302980859887,2023,8,0.16176831674278216,1.775641868933075,0.3470455368261881
Vanderbilt University,TN,Private R1,Y,N,0.4838317436127717,0.4881386076059782,2016,2,-0.04032606014360815,-0.0231607843139773,-0.5419571965540897
Brown University,RI,Private R1,Y,N,0.490812891134262,0.4581476668402061,2021,3,-0.08445716973500383,-0.21940383914498426,-0.2533974916283121
Georgetown University,DC,Private R1,Y,N,0.4928490487537841,0.4866857057772727,2019,2,0.37175583485608044,0.10866204855674955,0.5322945469667439
Princeton University,NJ,Private R1,N,N,0.49560389821963646,0.5125321644791666,2017,2,-0.02211075427673906,-0.27414517621294004,0.2074598213118134
University of Wisconsin-Madison,WI,Public R1,Y,Y,0.49695851279027775,0.3716405445803571,2022,3,0.5610483876070834,0.175377890645249,0.054660773027185056
University of Virginia,VA,Public R1,Y,N,0.4974993169698775,0.5161874645833333,2021,4,0.3339990230395783,-0.239011941124531,-0.25013672891505906
Johns Hopkins University,MD,Private R1,Y,N,0.49811718681522704,0.4923713638576643,2011,3,-0.1565570348810483,0.5364152270514858,-0.08136252361302013
Harvard University,MA,Private R1,Y,N,0.5000032231137399,0.4592574536902173,2010,3,0.11135997692575224,-0.23838571163290237,-0.4491499413455502
University of Rochester,NY,Private R1,Y,N,0.5061727563354148,0.4922559502894736,2013,2,0.3463031515497361,0.16162366436630304,-0.2817718642127913
University of South Carolina,SC,Public R1,Y,N,0.5105397655168877,0.5211219482285714,2025,4,0.37250749647845216,0.12270022483885287,-0.40400912501187514
University of Chicago,IL,Private R1,Y,N,0.512910828479021,0.5692435987500001,2018,2,-0.33030147074965843,-0.28654733233245566,-0.04186552487194875
Oregon Health Sciences University,OR,Public R2,Y,N,0.5132806650214974,0.4906509252,2024,2,3.7536301412819584,1.0924431925665659,-0.7167409949217822
Michigan Technological University,MI,Public R1,N,N,0.5138600272658731,0.5191963649761905,2011,2,0.5282452352099007,-0.8896391243644766,0.6795333786912798
Portland State University,OR,Public R2,Y,N,0.5163923546531776,0.489207870369186,2025,3,0.9481727854083561,0.7920381707491321,-0.3732209774369633
Case Western Reserve University,OH,Private R1,Y,N,0.5219447761037037,0.5219447761037037,2003,1,0.0069757468016832,-0.4116353844197739,-0.7041292123294051
University of Montana,MT,Public R1,Y,N,0.5257007816759258,0.523806405699074,2007,2,0.5467990607812325,0.2807993499575133,0.7021198226045252
Columbia University,NY,Private R1,Y,N,0.5344964496073943,0.5344964496073943,1989,1,0.2388053340360865,0.4986253305038473,-0.0932753776286637
Duke University,NC,Private R1,Y,N,0.540958702214644,0.5702842367206896,2022,4,-0.008156903985940775,0.3406287646954005,0.9945975270910481
University of Delaware,DE,Public R1,Y,Y,0.5410097238701593,0.5472924761348684,2021,3,-0.12915295142195504,-0.2078004708891086,-0.2020011034120119
University of Central Florida,FL,Public R1,Y,N,0.5827699142930195,0.5924574472678571,2024,2,2.38477510633212,0.6486760725246405,0.5785618425651164
